actual,proposed
0.0,0.0
0.0,0.0
0.0,0.0
0.0,0.0
0.0,0.0
0.0,0.0
0.0,0.0
0.0,0.0
0.0,0.0
0.0,0.0
0.0,0.0
0.0,0.0
0.0,0.0
0.0,0.0
0.0,0.0
0.0,0.0
0.0,0.0
0.0,0.0
0.0,0.0
0.0,0.0
0.0,0.0
0.0,0.0
0.0,0.0
0.0,0.0
0.0,0.0
0.0,0.0
0.0,0.0
0.0,0.0
0.0,0.0
0.0,0.0
0.0,0.0
0.0,0.0
0.0,0.0
0.0,0.0
0.0,0.0
0.0,0.0
0.0,0.0
0.0,0.0
0.0,0.0
0.0,0.0
188.84799194335938,0.0
205.9004364013672,0.0
219.5424041748047,164.2820281982422
250.2367401123047,192.16970825195312
277.5206298828125,217.18548583984375
291.16259765625,229.23020935058594
301.39404296875,239.99539184570312
304.80450439453125,247.72933959960938
304.80450439453125,252.47900390625
301.39404296875,254.273193359375
301.39404296875,255.37506103515625
301.39404296875,256.0517578125
301.39404296875,256.4673156738281
301.39404296875,256.7225341796875
297.9835205078125,255.7565460205078
297.9835205078125,255.16329956054688
294.57305908203125,253.67623901367188
287.7520751953125,250.51754760742188
284.34161376953125,247.45498657226562
274.11016845703125,242.2060089111328
263.87872314453125,235.61428833007812
0.0,0.0
0.0,0.0
0.0,0.0
0.0,0.0
0.0,0.0
0.0,0.0
0.0,0.0
0.0,0.0
0.0,0.0
0.0,0.0
0.0,0.0
0.0,0.0
0.0,0.0
0.0,0.0
0.0,0.0
0.0,0.0
0.0,0.0
0.0,0.0
0.0,0.0
0.0,0.0
0.0,0.0
0.0,0.0
0.0,0.0
0.0,0.0
0.0,0.0
0.0,0.0
0.0,0.0
0.0,0.0
0.0,0.0
0.0,0.0
0.0,0.0
0.0,0.0
0.0,0.0
0.0,0.0
0.0,0.0
0.0,0.0
0.0,0.0
0.0,0.0
0.0,0.0
0.0,0.0
0.0,0.0
0.0,0.0
0.0,0.0
0.0,0.0
193.2340545654297,0.0
237.5703582763672,0.0
268.26470947265625,185.49803161621094
295.54864501953125,211.21385192871094
322.83245849609375,235.9884796142578
346.70587158203125,259.0624084472656
370.5793151855469,281.09185791015625
394.4527282714844,302.4798889160156
404.6841735839844,318.9831237792969
408.0946960449219,330.240966796875
418.3261413574219,340.52294921875
435.3785095214844,352.45098876953125
438.7890319824219,360.89910888671875
442.1995544433594,367.2101135253906
452.4309997558594,374.45404052734375
459.2519226074219,381.148193359375
469.4833679199219,388.62744140625
472.8938903808594,394.3434143066406
469.4833679199219,396.73101806640625
466.0728454589844,397.0745849609375
0.0,0.0
0.0,0.0
0.0,0.0
0.0,0.0
0.0,0.0
0.0,0.0
0.0,0.0
0.0,0.0
0.0,0.0
0.0,0.0
0.0,0.0
0.0,0.0
0.0,0.0
0.0,0.0
0.0,0.0
0.0,0.0
0.0,0.0
0.0,0.0
0.0,0.0
0.0,0.0
0.0,0.0
0.0,0.0
0.0,0.0
0.0,0.0
0.0,0.0
0.0,0.0
0.0,0.0
0.0,0.0
0.0,0.0
0.0,0.0
0.0,0.0
0.0,0.0
0.0,0.0
0.0,0.0
0.0,0.0
0.0,0.0
0.0,0.0
0.0,0.0
0.0,0.0
0.0,0.0
0.0,0.0
0.0,0.0
0.0,0.0
0.0,0.0
0.0,0.0
0.0,0.0
0.0,0.0
0.0,0.0
0.0,0.0
0.0,0.0
0.0,0.0
0.0,0.0
0.0,0.0
0.0,0.0
0.0,0.0
0.0,0.0
0.0,0.0
0.0,0.0
0.0,0.0
0.0,0.0
0.0,0.0
0.0,0.0
0.0,0.0
0.0,0.0
0.0,0.0
0.0,0.0
0.0,0.0
0.0,0.0
0.0,0.0
0.0,0.0
0.0,0.0
0.0,0.0
0.0,0.0
0.0,0.0
0.0,0.0
0.0,0.0
0.0,0.0
0.0,0.0
0.0,0.0
0.0,0.0
0.0,0.0
206.4216766357422,0.0
230.29510498046875,0.0
254.16851806640625,182.34925842285156
271.22088623046875,201.27145385742188
291.68377685546875,219.62847900390625
308.73626708984375,236.51573181152344
0.0,0.0
0.0,0.0
0.0,0.0
0.0,0.0
0.0,0.0
0.0,0.0
0.0,0.0
0.0,0.0
0.0,0.0
0.0,0.0
0.0,0.0
0.0,0.0
0.0,0.0
0.0,0.0
0.0,0.0
0.0,0.0
0.0,0.0
0.0,0.0
0.0,0.0
0.0,0.0
0.0,0.0
0.0,0.0
0.0,0.0
0.0,0.0
0.0,0.0
0.0,0.0
0.0,0.0
0.0,0.0
0.0,0.0
0.0,0.0
0.0,0.0
0.0,0.0
0.0,0.0
0.0,0.0
0.0,0.0
0.0,0.0
0.0,0.0
0.0,0.0
0.0,0.0
0.0,0.0
0.0,0.0
0.0,0.0
0.0,0.0
0.0,0.0
0.0,0.0
0.0,0.0
0.0,0.0
0.0,0.0
0.0,0.0
0.0,0.0
0.0,0.0
0.0,0.0
0.0,0.0
0.0,0.0
0.0,0.0
0.0,0.0
0.0,0.0
0.0,0.0
0.0,0.0
0.0,0.0
0.0,0.0
0.0,0.0
0.0,0.0
0.0,0.0
0.0,0.0
0.0,0.0
0.0,0.0
0.0,0.0
0.0,0.0
0.0,0.0
0.0,0.0
0.0,0.0
0.0,0.0
0.0,0.0
0.0,0.0
0.0,0.0
0.0,0.0
0.0,0.0
0.0,0.0
0.0,0.0
0.0,0.0
0.0,0.0
0.0,0.0
0.0,0.0
0.0,0.0
0.0,0.0
0.0,0.0
0.0,0.0
0.0,0.0
0.0,0.0
0.0,0.0
0.0,0.0
0.0,0.0
0.0,0.0
0.0,0.0
0.0,0.0
0.0,0.0
0.0,0.0
0.0,0.0
0.0,0.0
0.0,0.0
0.0,0.0
0.0,0.0
0.0,0.0
0.0,0.0
0.0,0.0
0.0,0.0
0.0,0.0
0.0,0.0
0.0,0.0
0.0,0.0
0.0,0.0
0.0,0.0
0.0,0.0
0.0,0.0
0.0,0.0
0.0,0.0
0.0,0.0
0.0,0.0
0.0,0.0
0.0,0.0
0.0,0.0
0.0,0.0
0.0,0.0
0.0,0.0
0.0,0.0
0.0,0.0
0.0,0.0
0.0,0.0
0.0,0.0
0.0,0.0
0.0,0.0
0.0,0.0
0.0,0.0
0.0,0.0
0.0,0.0
0.0,0.0
0.0,0.0
0.0,0.0
0.0,0.0
0.0,0.0
0.0,0.0
0.0,0.0
0.0,0.0
0.0,0.0
0.0,0.0
0.0,0.0
0.0,0.0
0.0,0.0
0.0,0.0
0.0,0.0
0.0,0.0
0.0,0.0
0.0,0.0
0.0,0.0
0.0,0.0
0.0,0.0
0.0,0.0
0.0,0.0
0.0,0.0
0.0,0.0
0.0,0.0
0.0,0.0
0.0,0.0
0.0,0.0
0.0,0.0
0.0,0.0
0.0,0.0
0.0,0.0
0.0,0.0
0.0,0.0
0.0,0.0
0.0,0.0
0.0,0.0
0.0,0.0
0.0,0.0
0.0,0.0
0.0,0.0
0.0,0.0
0.0,0.0
0.0,0.0
0.0,0.0
0.0,0.0
0.0,0.0
0.0,0.0
0.0,0.0
0.0,0.0
0.0,0.0
0.0,0.0
0.0,0.0
0.0,0.0
0.0,0.0
0.0,0.0
0.0,0.0
0.0,0.0
0.0,0.0
0.0,0.0
0.0,0.0
0.0,0.0
0.0,0.0
0.0,0.0
0.0,0.0
0.0,0.0
0.0,0.0
0.0,0.0
0.0,0.0
0.0,0.0
0.0,0.0
0.0,0.0
0.0,0.0
0.0,0.0
0.0,0.0
0.0,0.0
0.0,0.0
0.0,0.0
0.0,0.0
0.0,0.0
0.0,0.0
0.0,0.0
0.0,0.0
0.0,0.0
0.0,0.0
0.0,0.0
0.0,0.0
0.0,0.0
0.0,0.0
0.0,0.0
0.0,0.0
0.0,0.0
0.0,0.0
0.0,0.0
0.0,0.0
0.0,0.0
0.0,0.0
0.0,0.0
0.0,0.0
0.0,0.0
0.0,0.0
0.0,0.0
0.0,0.0
0.0,0.0
0.0,0.0
0.0,0.0
0.0,0.0
0.0,0.0
0.0,0.0
0.0,0.0
0.0,0.0
0.0,0.0
0.0,0.0
0.0,0.0
0.0,0.0
0.0,0.0
0.0,0.0
0.0,0.0
0.0,0.0
0.0,0.0
0.0,0.0
0.0,0.0
0.0,0.0
0.0,0.0
0.0,0.0
0.0,0.0
0.0,0.0
0.0,0.0
0.0,0.0
0.0,0.0
0.0,0.0
0.0,0.0
0.0,0.0
0.0,0.0
0.0,0.0
0.0,0.0
0.0,0.0
0.0,0.0
0.0,0.0
0.0,0.0
0.0,0.0
0.0,0.0
0.0,0.0
0.0,0.0
0.0,0.0
0.0,0.0
0.0,0.0
0.0,0.0
0.0,0.0
0.0,0.0
0.0,0.0
0.0,0.0
0.0,0.0
0.0,0.0
0.0,0.0
0.0,0.0
0.0,0.0
0.0,0.0
0.0,0.0
0.0,0.0
0.0,0.0
0.0,0.0
0.0,0.0
0.0,0.0
0.0,0.0
0.0,0.0
0.0,0.0
0.0,0.0
0.0,0.0
0.0,0.0
0.0,0.0
0.0,0.0
0.0,0.0
0.0,0.0
0.0,0.0
0.0,0.0
0.0,0.0
0.0,0.0
0.0,0.0
0.0,0.0
0.0,0.0
0.0,0.0
0.0,0.0
0.0,0.0
0.0,0.0
0.0,0.0
0.0,0.0
0.0,0.0
0.0,0.0
0.0,0.0
0.0,0.0
0.0,0.0
0.0,0.0
0.0,0.0
0.0,0.0
0.0,0.0
0.0,0.0
0.0,0.0
0.0,0.0
0.0,0.0
0.0,0.0
0.0,0.0
0.0,0.0
0.0,0.0
0.0,0.0
0.0,0.0
0.0,0.0
0.0,0.0
0.0,0.0
0.0,0.0
0.0,0.0
0.0,0.0
0.0,0.0
0.0,0.0
0.0,0.0
0.0,0.0
0.0,0.0
0.0,0.0
0.0,0.0
0.0,0.0
0.0,0.0
0.0,0.0
0.0,0.0
0.0,0.0
0.0,0.0
0.0,0.0
0.0,0.0
0.0,0.0
0.0,0.0
0.0,0.0
0.0,0.0
0.0,0.0
0.0,0.0
0.0,0.0
0.0,0.0
0.0,0.0
0.0,0.0
0.0,0.0
0.0,0.0
0.0,0.0
0.0,0.0
0.0,0.0
0.0,0.0
0.0,0.0
0.0,0.0
0.0,0.0
0.0,0.0
0.0,0.0
0.0,0.0
0.0,0.0
0.0,0.0
0.0,0.0
0.0,0.0
0.0,0.0
0.0,0.0
0.0,0.0
0.0,0.0
0.0,0.0
0.0,0.0
0.0,0.0
0.0,0.0
0.0,0.0
0.0,0.0
0.0,0.0
0.0,0.0
0.0,0.0
0.0,0.0
0.0,0.0
0.0,0.0
0.0,0.0
0.0,0.0
0.0,0.0
0.0,0.0
0.0,0.0
0.0,0.0
0.0,0.0
0.0,0.0
0.0,0.0
0.0,0.0
0.0,0.0
0.0,0.0
0.0,0.0
0.0,0.0
0.0,0.0
0.0,0.0
0.0,0.0
0.0,0.0
0.0,0.0
0.0,0.0
0.0,0.0
0.0,0.0
0.0,0.0
0.0,0.0
0.0,0.0
0.0,0.0
0.0,0.0
0.0,0.0
0.0,0.0
0.0,0.0
0.0,0.0
0.0,0.0
0.0,0.0
0.0,0.0
0.0,0.0
0.0,0.0
0.0,0.0
0.0,0.0
0.0,0.0
0.0,0.0
0.0,0.0
0.0,0.0
0.0,0.0
0.0,0.0
0.0,0.0
0.0,0.0
0.0,0.0
0.0,0.0
0.0,0.0
0.0,0.0
0.0,0.0
0.0,0.0
0.0,0.0
0.0,0.0
0.0,0.0
0.0,0.0
0.0,0.0
0.0,0.0
0.0,0.0
0.0,0.0
0.0,0.0
0.0,0.0
0.0,0.0
0.0,0.0
0.0,0.0
0.0,0.0
0.0,0.0
0.0,0.0
0.0,0.0
0.0,0.0
0.0,0.0
0.0,0.0
0.0,0.0
0.0,0.0
0.0,0.0
0.0,0.0
0.0,0.0
0.0,0.0
0.0,0.0
0.0,0.0
0.0,0.0
0.0,0.0
0.0,0.0
0.0,0.0
0.0,0.0
0.0,0.0
0.0,0.0
0.0,0.0
0.0,0.0
0.0,0.0
0.0,0.0
0.0,0.0
0.0,0.0
0.0,132.2420654296875
0.0,132.85916137695312
0.0,133.23812866210938
0.0,134.59359741210938
0.0,136.5487823486328
0.0,136.62677001953125
0.0,135.5519256591797
0.0,134.891845703125
0.0,135.60919189453125
0.0,134.927001953125
0.0,135.63079833984375
0.0,133.81753540039062
0.0,133.82669067382812
0.0,133.8323211669922
0.0,133.8357696533203
0.0,132.7151641845703
0.0,133.14968872070312
0.0,132.29380798339844
0.0,132.89093017578125
0.0,132.13490295410156
0.0,129.4251251220703
0.0,127.76097106933594
0.0,123.37084197998047
0.0,119.55199432373047
0.0,0.0
0.0,0.0
0.0,0.0
0.0,0.0
0.0,0.0
0.0,0.0
0.0,0.0
0.0,0.0
0.0,0.0
0.0,0.0
0.0,0.0
0.0,0.0
0.0,0.0
0.0,0.0
0.0,0.0
0.0,0.0
0.0,0.0
0.0,0.0
0.0,0.0
0.0,0.0
0.0,0.0
0.0,0.0
0.0,0.0
0.0,0.0
0.0,0.0
0.0,0.0
0.0,0.0
0.0,0.0
0.0,0.0
0.0,0.0
0.0,0.0
0.0,0.0
0.0,0.0
0.0,0.0
0.0,0.0
0.0,0.0
0.0,0.0
0.0,0.0
0.0,0.0
0.0,0.0
0.0,0.0
0.0,0.0
0.0,0.0
0.0,0.0
0.0,0.0
0.0,0.0
0.0,0.0
0.0,0.0
0.0,0.0
0.0,0.0
0.0,0.0
0.0,0.0
0.0,0.0
0.0,0.0
0.0,0.0
0.0,0.0
0.0,0.0
0.0,0.0
0.0,0.0
0.0,0.0
0.0,0.0
0.0,0.0
0.0,0.0
0.0,0.0
0.0,0.0
0.0,0.0
0.0,0.0
0.0,0.0
0.0,0.0
0.0,0.0
0.0,0.0
0.0,0.0
0.0,0.0
0.0,0.0
0.0,0.0
0.0,0.0
0.0,0.0
0.0,0.0
0.0,0.0
0.0,0.0
0.0,0.0
0.0,0.0
0.0,0.0
0.0,0.0
0.0,0.0
0.0,0.0
0.0,0.0
0.0,0.0
0.0,0.0
0.0,0.0
0.0,0.0
0.0,0.0
0.0,0.0
0.0,0.0
0.0,0.0
0.0,0.0
0.0,0.0
0.0,0.0
0.0,0.0
0.0,0.0
0.0,0.0
0.0,0.0
0.0,0.0
0.0,0.0
0.0,0.0
0.0,0.0
0.0,0.0
0.0,0.0
0.0,0.0
0.0,0.0
0.0,0.0
0.0,0.0
0.0,0.0
0.0,0.0
0.0,0.0
0.0,0.0
0.0,0.0
0.0,0.0
0.0,0.0
0.0,0.0
0.0,0.0
0.0,0.0
0.0,0.0
0.0,0.0
0.0,0.0
0.0,0.0
0.0,0.0
0.0,0.0
0.0,0.0
0.0,0.0
0.0,0.0
0.0,0.0
0.0,0.0
0.0,0.0
0.0,0.0
0.0,0.0
0.0,0.0
0.0,0.0
0.0,0.0
0.0,0.0
0.0,0.0
0.0,0.0
0.0,0.0
0.0,0.0
0.0,0.0
0.0,0.0
0.0,0.0
0.0,0.0
0.0,0.0
0.0,0.0
0.0,0.0
0.0,0.0
0.0,0.0
0.0,0.0
0.0,0.0
0.0,0.0
0.0,0.0
0.0,0.0
0.0,0.0
0.0,0.0
0.0,0.0
0.0,0.0
0.0,0.0
0.0,0.0
0.0,0.0
0.0,0.0
0.0,0.0
0.0,0.0
0.0,0.0
0.0,0.0
0.0,0.0
0.0,0.0
0.0,0.0
0.0,0.0
0.0,0.0
0.0,0.0
0.0,0.0
0.0,0.0
0.0,0.0
0.0,0.0
0.0,0.0
0.0,0.0
0.0,0.0
0.0,0.0
0.0,0.0
0.0,0.0
0.0,0.0
0.0,0.0
0.0,0.0
0.0,101.939697265625
0.0,110.93608093261719
0.0,117.26400756835938
0.0,119.16971588134766
0.0,122.5855484008789
0.0,124.68331146240234
0.0,128.2170867919922
0.0,131.51002502441406
0.0,133.53231811523438
0.0,133.6515350341797
0.0,133.72474670410156
0.0,137.13783264160156
0.0,141.47938537597656
0.0,144.14566040039062
184.16587829589844,149.1513214111328
0.0,151.1027069091797
0.0,151.17837524414062
0.0,152.3475799560547
0.0,153.0656280517578
0.0,153.50660705566406
0.0,153.7774200439453
0.0,153.94374084472656
0.0,154.04588317871094
0.0,154.10861206054688
0.0,149.6561737060547
0.0,146.9217987060547
0.0,144.11990356445312
0.0,142.399169921875
0.0,141.3424072265625
0.0,140.69342041015625
0.0,140.29486083984375
0.0,137.654296875
0.0,137.3057098388672
0.0,136.96014404296875
0.0,136.87940979003906
0.0,141.3206787109375
0.0,144.04820251464844
0.0,144.6005096435547
184.16580200195312,149.43064880371094
187.57603454589844,152.39698791503906
0.0,155.3413543701172
0.0,154.90420532226562
0.0,153.5129852294922
0.0,151.53587341308594
0.0,151.44439697265625
0.0,152.51095581054688
0.0,153.16595458984375
0.0,151.32275390625
0.0,150.19076538085938
0.0,150.6183319091797
0.0,148.63543701171875
0.0,147.41766357421875
0.0,146.66981506347656
0.0,146.2105255126953
0.0,143.68307495117188
0.0,138.24267578125
0.0,135.42156982421875
0.0,133.6890411376953
0.0,130.37957763671875
0.0,126.10174560546875
0.0,122.35186004638672
0.0,120.04894256591797
0.0,118.63465118408203
0.0,115.52061462402344
0.0,112.48545837402344
0.0,108.37609100341797
0.0,105.85240173339844
0.0,104.30252838134766
0.0,102.22796630859375
0.0,100.95391845703125
0.0,100.81370544433594
0.0,100.08537292480469
0.0,100.76082611083984
0.0,101.1756362915039
0.0,102.55302429199219
0.0,103.91841888427734
0.0,103.11481475830078
0.0,101.4985580444336
0.0,100.5059585571289
0.0,99.89637756347656
0.0,98.39927673339844
0.0,97.47986602783203
0.0,96.91522216796875
0.0,95.44572448730469
0.0,92.29778289794922
0.0,89.2417984008789
0.0,87.36502838134766
0.0,85.08979797363281
0.0,82.56977844238281
0.0,82.14488983154297
0.0,81.88395690917969
0.0,81.62529754638672
0.0,80.4421157836914
0.0,79.71549224853516
0.0,78.14651489257812
0.0,77.18295288085938
0.0,75.46846771240234
0.0,74.4155502319336
0.0,72.64617919921875
0.0,71.55955505371094
0.0,72.01496887207031
0.0,72.29464721679688
0.0,72.4664077758789
0.0,75.5716552734375
0.0,77.84712982177734
0.0,78.12183380126953
0.0,77.16780090332031
0.0,76.58189392089844
0.0,76.22207641601562
0.0,76.0010986328125
0.0,75.86539459228516
0.0,76.90478515625
0.0,78.66584777832031
0.0,80.87001037597656
0.0,82.2236557006836
0.0,81.93232727050781
0.0,81.75341796875
0.0,83.888916015625
0.0,86.32313537597656
0.0,86.69532012939453
0.0,86.92389678955078
0.0,87.06427001953125
0.0,87.15047454833984
0.0,88.32615661621094
0.0,90.17091369628906
0.0,91.30384063720703
0.0,89.7541275024414
0.0,87.52840423583984
0.0,87.43551635742188
0.0,86.25572967529297
0.0,83.28581237792969
0.0,80.33915710449219
0.0,78.52952575683594
0.0,77.41817474365234
0.0,75.61292266845703
0.0,74.50425720214844
0.0,72.7006607055664
0.0,70.47027587890625
0.0,65.32450103759766
0.0,62.572235107421875
0.0,56.908966064453125
0.0,57.40399932861328
0.0,57.70801544189453
0.0,57.894718170166016
0.0,58.00938034057617
0.0,59.20253372192383
0.0,59.93528747558594
0.0,61.50802993774414
0.0,61.35116195678711
0.0,61.254825592041016
0.0,61.19566345214844
0.0,62.282066345214844
0.0,62.94926071166992
0.0,62.236263275146484
0.0,61.79839324951172
0.0,63.774864196777344
0.0,66.11141204833984
0.0,67.54635620117188
0.0,66.18222045898438
0.0,64.22172546386719
0.0,64.14046478271484
0.0,62.96781921386719
0.0,62.24766540527344
0.0,62.928131103515625
0.0,63.6026725769043
0.0,63.760284423828125
0.0,63.857078552246094
0.0,65.0391616821289
0.0,65.76512145996094
0.0,65.08831024169922
0.0,63.54991912841797
0.0,64.85052490234375
0.0,66.77201080322266
0.0,66.82931518554688
0.0,63.49638748168945
0.0,61.44953536987305
0.0,59.06976318359375
0.0,57.608272552490234
0.0,55.587989807128906
0.0,54.34727096557617
0.0,53.58530807495117
0.0,53.11736297607422
0.0,52.829986572265625
0.0,52.65349578857422
0.0,52.545108795166016
0.0,52.478546142578125
0.0,53.56040573120117
0.0,55.3475456237793
0.0,55.32234573364258
0.0,55.30686950683594
0.0,54.174625396728516
0.0,53.47928237915039
0.0,54.17498779296875
0.0,54.60224151611328
0.0,53.74189376831055
0.0,52.090789794921875
0.0,51.07679748535156
0.0,47.08595657348633
0.0,44.63505554199219
0.0,42.00714874267578
0.0,39.270530700683594
0.0,36.46715545654297
0.0,34.745513916015625
0.0,34.81093978881836
0.0,34.85112380981445
0.0,34.875797271728516
0.0,34.890953063964844
0.0,34.90026092529297
0.0,34.905975341796875
0.0,34.90948486328125
0.0,34.91164016723633
0.0,33.790225982666016
0.0,33.101531982421875
0.0,32.678585052490234
0.0,32.41883850097656
0.0,32.25931930541992
0.0,33.28409194946289
0.0,33.91343688964844
0.0,34.2999382019043
0.0,33.4145622253418
0.0,31.74808692932129
0.0,30.724653244018555
0.0,28.97348976135254
0.0,25.652572631835938
0.0,21.367618560791016
0.0,17.613361358642578
0.0,16.826799392700195
0.0,17.070180892944336
0.0,18.342388153076172
0.0,20.24642562866211
0.0,22.53849220275879
0.0,22.823381423950195
0.0,22.998340606689453
0.0,23.105789184570312
0.0,22.04903793334961
0.0,20.27731704711914
0.0,20.311986923217773
0.0,20.33327865600586
0.0,20.346355438232422
0.0,21.477123260498047
0.0,23.294300079345703
0.0,23.287546157836914
0.0,19.915185928344727
0.0,18.96685218811035
0.0,18.38445281982422
0.0,18.026784896850586
0.0,16.684391021728516
0.0,14.737247467041016
0.0,12.418806076049805
0.0,12.117622375488281
0.0,0.0
0.0,0.0
0.0,0.0
0.0,0.0
0.0,0.0
0.0,0.0
0.0,0.0
0.0,0.0
0.0,0.0
0.0,0.0
0.0,0.0
0.0,0.0
0.0,0.0
0.0,0.0
0.0,0.0
0.0,0.0
0.0,0.0
0.0,0.0
0.0,0.0
0.0,0.0
0.0,0.0
0.0,0.0
0.0,0.0
0.0,0.0
0.0,0.0
0.0,0.0
0.0,0.0
0.0,0.0
0.0,0.0
0.0,0.0
0.0,0.0
0.0,0.0
0.0,0.0
0.0,0.0
0.0,0.0
0.0,0.0
0.0,0.0
0.0,0.0
0.0,0.0
0.0,0.0
0.0,0.0
0.0,0.0
0.0,0.0
0.0,16.30189323425293
0.0,21.238676071166992
0.0,25.39324188232422
0.0,30.19016456604004
0.0,35.38157653808594
0.0,40.81515884399414
0.0,44.1520881652832
0.0,46.20139694213867
0.0,47.45994186401367
0.0,48.232852935791016
0.0,48.70751953125
0.0,48.999027252197266
0.0,50.30078887939453
0.0,51.10023880004883
0.0,50.46847152709961
0.0,48.95783996582031
0.0,48.030113220214844
0.0,47.46036911010742
0.0,47.1104736328125
0.0,45.77285385131836
0.0,44.951377868652344
0.0,45.56962585449219
0.0,45.949310302734375
0.0,49.550601959228516
0.0,55.13047790527344
0.0,60.80263137817383
0.0,66.53154754638672
0.0,72.29532623291016
0.0,76.95767974853516
0.0,80.94371032714844
0.0,84.51439666748047
0.0,87.82999420166016
0.0,87.62073516845703
0.0,85.24683380126953
0.0,82.66622161865234
0.0,79.9586410522461
0.0,78.29583740234375
0.0,78.39739990234375
0.0,73.96881866455078
0.0,69.00370788574219
0.0,64.83174896240234
0.0,63.39236068725586
0.0,63.631126403808594
0.0,66.02313995361328
0.0,68.61488342285156
0.0,71.32929229736328
0.0,74.11902618408203
0.0,75.83229064941406
0.0,76.88446044921875
0.0,76.40789031982422
0.0,77.23795318603516
0.0,78.87045288085938
0.0,79.8730239868164
0.0,80.48873138427734
0.0,79.74412536621094
0.0,78.16409301757812
0.0,78.31649017333984
0.0,77.28734588623047
0.0,76.65531158447266
0.0,77.38990020751953
0.0,77.84103393554688
0.0,78.11808776855469
0.0,76.04276275634766
0.0,72.52276611328125
0.0,69.2383804321289
0.0,64.97586822509766
0.0,62.358131408691406
0.0,61.873233795166016
0.0,61.57544708251953
0.0,60.26982498168945
0.0,60.59074401855469
0.0,59.66509246826172
0.0,56.85114288330078
0.0,54.000274658203125
0.0,50.00408935546875
0.0,44.181697845458984
0.0,39.48324966430664
0.0,31.89085578918457
0.0,28.566953659057617
0.0,26.52564239501953
0.0,24.149274826049805
0.0,23.812612533569336
0.0,24.728595733642578
0.0,21.922914505004883
0.0,19.077123641967773
0.0,15.08405590057373
0.0,9.263578414916992
0.0,3.4435696601867676
0.0,0.0
0.0,0.0
0.0,0.0
0.0,0.0
0.0,0.0
0.0,0.0
0.0,0.0
0.0,0.0
0.0,0.0
0.0,0.0
0.0,0.0
0.0,0.0
0.0,0.0
0.0,0.0
0.0,0.0
0.0,0.0
0.0,0.0
0.0,0.0
0.0,0.0
0.0,0.0
0.0,0.0
0.0,0.0
0.0,0.0
0.0,0.0
0.0,0.0
0.0,0.0
0.0,0.0
0.0,0.0
0.0,0.0
0.0,0.0
0.0,0.0
0.0,0.0
0.0,0.0
0.0,0.0
0.0,0.0
0.0,0.0
0.0,0.0
0.0,0.0
0.0,0.0
0.0,0.0
0.0,0.0
0.0,0.0
0.0,0.0
0.0,0.0
0.0,0.0
0.0,0.0
0.0,0.0
0.0,0.0
0.0,0.0
0.0,0.0
0.0,0.0
0.0,0.0
0.0,0.0
0.0,0.0
0.0,0.0
0.0,0.0
0.0,0.0
0.0,0.0
0.0,0.0
0.0,0.0
0.0,0.0
0.0,0.0
0.0,0.0
0.0,0.0
0.0,0.0
0.0,0.1216905266046524
0.0,1.1974718570709229
0.0,4.1036176681518555
0.0,7.011012077331543
0.0,8.796531677246094
0.0,9.893073081970215
0.0,12.811968803405762
0.0,15.727289199829102
0.0,16.394939422607422
0.0,15.68222427368164
0.0,12.9991455078125
0.0,10.228647232055664
0.0,7.404461860656738
0.0,6.792781352996826
0.0,5.294391632080078
0.0,3.2514472007751465
0.0,1.9968128204345703
0.0,0.10356559604406357
0.0,0.0
0.0,0.0
0.0,0.0
0.0,0.0
0.0,0.0
0.0,0.0
0.0,0.0
0.0,0.0
0.0,0.0
0.0,0.0
0.0,0.0
0.0,0.0
0.0,0.0
0.0,0.0
0.0,0.0
0.0,0.0
0.0,0.0
0.0,0.0
0.0,0.0
0.0,0.0
0.0,0.0
0.0,0.0
0.0,0.0
0.0,0.0
0.0,0.0
0.0,0.0
0.0,0.0
0.0,0.0
0.0,0.0
0.0,0.0
0.0,0.0
0.0,0.0
0.0,0.0
0.0,0.0
0.0,0.0
0.0,0.0
0.0,0.0
0.0,0.0
0.0,0.0
0.0,0.0
0.0,0.0
0.0,0.0
0.0,0.0
0.0,0.0
0.0,0.0
0.0,0.0
0.0,0.0
0.0,0.0
0.0,0.0
0.0,0.0
0.0,0.0
0.0,0.0
0.0,0.0
0.0,0.0
0.0,0.0
0.0,0.0
0.0,0.0
0.0,0.0
0.0,0.0
0.0,17.594785690307617
0.0,27.64636993408203
0.0,36.064735412597656
0.0,42.357444763183594
0.0,46.22199249267578
0.0,53.08627700805664
0.0,57.30184555053711
0.0,61.013397216796875
0.0,63.29277038574219
0.0,65.81534576416016
0.0,67.36453247070312
0.0,68.31593322753906
0.0,71.50452423095703
0.0,74.22664642333984
0.0,75.89838409423828
0.0,78.04778289794922
0.0,78.24506378173828
0.0,78.3662109375
0.0,79.5633544921875
0.0,80.29855346679688
0.0,79.62732696533203
0.0,78.09236907958984
0.0,77.14970397949219
0.0,70.95719146728516
0.0,68.27691650390625
0.0,66.6308822631836
0.0,67.8653793334961
0.0,68.65589141845703
0.0,67.98625946044922
0.0,66.45237731933594
0.0,62.14216232299805
0.0,57.24964904785156
0.0,54.24501037597656
0.0,49.03165054321289
0.0,44.70722961425781
0.0,40.928733825683594
0.0,37.48550796508789
0.0,35.370914459228516
0.0,35.19501876831055
0.0,32.84151840209961
0.0,31.396163940429688
0.0,29.38588523864746
0.0,28.15131187438965
0.0,24.02490997314453
0.0,21.490760803222656
0.0,17.68898582458496
0.0,11.986083030700684
0.0,5.115542411804199
0.0,0.0
0.0,0.0
0.0,0.0
0.0,0.0
0.0,0.0
0.0,0.0
0.0,0.0
0.0,0.0
0.0,0.0
0.0,0.0
0.0,0.0
0.0,0.0
0.0,0.0
0.0,0.0
0.0,0.0
0.0,0.0
0.0,0.0
0.0,0.0
0.0,0.0
0.0,0.0
0.0,0.0
0.0,0.0
0.0,0.0
0.0,0.0
0.0,0.0
0.0,0.0
0.0,0.0
0.0,0.0
0.0,0.0
0.0,0.0
0.0,0.0
0.0,0.0
0.0,0.0
0.0,0.0
0.0,0.0
0.0,0.0
0.0,0.0
0.0,17.30835723876953
0.0,22.97951316833496
0.0,30.953296661376953
0.0,35.85023880004883
0.0,38.857601165771484
0.0,40.70451354980469
0.0,42.96149444580078
0.0,45.470218658447266
0.0,49.256378173828125
0.0,58.189910888671875
0.0,62.681522369384766
0.0,66.56269836425781
0.0,68.94624328613281
0.0,70.41004943847656
0.0,70.186279296875
0.0,71.17159271240234
0.0,71.7767105102539
0.0,72.14832305908203
0.0,71.2538070678711
0.0,70.70446014404297
0.0,69.24434661865234
0.0,66.1022720336914
0.0,63.049888610839844
0.0,60.052589416503906
0.0,59.3345947265625
0.0,58.89365005493164
0.0,58.62285614013672
0.0,56.21107482910156
0.0,54.72992706298828
0.0,51.449440002441406
0.0,49.56028366088867
0.0,47.2773551940918
0.0,44.752601623535156
0.0,39.8338623046875
0.0,35.690372467041016
0.0,33.14573287963867
0.0,30.46034812927246
0.0,29.933815002441406
0.0,28.487812042236328
0.0,27.59977912902832
0.0,27.05440902709961
0.0,24.701547622680664
0.0,21.90630340576172
0.0,15.698803901672363
0.0,11.886590003967285
0.0,8.42265510559082
0.0,4.04987096786499
0.0,0.0
0.0,0.0
0.0,0.0
0.0,0.0
0.0,0.0
0.0,0.0
0.0,0.0
0.0,0.0
0.0,0.0
0.0,0.0
0.0,0.0
0.0,0.0
0.0,0.0
0.0,0.0
0.0,0.0
0.0,0.0
0.0,0.0
0.0,0.0
0.0,0.0
0.0,0.0
0.0,0.0
0.0,0.0
0.0,0.0
0.0,0.0
0.0,0.0
0.0,0.0
0.0,0.0
0.0,0.0
0.0,0.0
0.0,0.0
0.0,0.0
0.0,0.0
0.0,0.0
0.0,0.0
0.0,0.0
0.0,0.0
0.0,0.0
0.0,0.0
0.0,0.0
0.0,0.0
0.0,0.0
0.0,0.0
0.0,0.0
0.0,0.0
0.0,0.0
0.0,12.412688255310059
0.0,17.727554321289062
0.0,22.11421775817871
0.0,25.930938720703125
0.0,31.643117904663086
0.0,37.3966178894043
0.0,43.17539596557617
0.0,48.96979522705078
0.0,53.65105056762695
0.0,57.64868927001953
0.0,61.226402282714844
0.0,64.54632568359375
0.0,67.70792388916016
0.0,70.77230072021484
0.0,73.77696228027344
0.0,76.74495697021484
0.0,80.81307220458984
0.0,84.43416595458984
0.0,87.78072357177734
0.0,89.83594512939453
0.0,91.0981216430664
0.0,91.8732681274414
0.0,92.34930419921875
0.0,92.64165496826172
0.0,93.94393157958984
0.0,94.74369812011719
0.0,95.23486328125
0.0,95.5364990234375
0.0,95.72174072265625
0.0,94.7127685546875
0.0,94.09313201904297
0.0,93.71258544921875
0.0,92.35614776611328
0.0,91.52311706542969
0.0,93.25700378417969
0.0,96.56731414794922
0.0,99.72291564941406
0.0,103.90634155273438
0.0,108.72099304199219
0.0,111.67781066894531
0.0,111.24820709228516
0.0,108.73889923095703
0.0,107.19786071777344
0.0,105.12881469726562
0.0,102.73541259765625
0.0,101.26555633544922
386.4859619140625,97.99626159667969
383.075439453125,330.94305419921875
383.075439453125,329.3511657714844
386.4859313964844,328.3735656738281
389.89642333984375,328.8959045410156
386.4859313964844,330.3394470214844
383.075439453125,330.10321044921875
372.8439636230469,328.8354187011719
355.79180908203125,324.6885986328125
355.79180908203125,316.5283203125
325.0979919433594,305.90325927734375
311.4560241699219,294.88720703125
297.8143310546875,283.6309814453125
294.40386962890625,272.2273254394531
294.40386962890625,264.10125732421875
287.5828857421875,256.8653259277344
280.7621765136719,250.17613220214844
253.4785614013672,241.5771484375
246.65757751464844,231.80538940429688
236.42640686035156,223.55877685546875
236.42640686035156,215.1261749267578
222.78443908691406,205.4564971923828
215.9637451171875,197.27267456054688
188.6801300048828,187.7557830810547
0.0,177.42031860351562
0.0,167.7047882080078
0.0,159.4927978515625
0.0,149.9586181640625
0.0,126.95558166503906
497.1041259765625,442.5216979980469
469.8207702636719,419.30841064453125
439.1266784667969,394.9328308105469
422.07452392578125,381.4878234863281
411.8430480957031,369.8626403808594
401.6118469238281,359.35516357421875
387.96990966796875,348.4112243652344
374.3282470703125,337.1993713378906
360.68658447265625,325.8229675292969
347.04461669921875,314.3454284667969
329.9924621582031,301.6831359863281
309.5298156738281,287.1705017089844
295.88787841796875,273.7668762207031
282.2462158203125,261.0444641113281
251.55238342285156,235.57049560546875
234.4999542236328,221.86875915527344
217.4477996826172,207.84051513671875
196.98516845703125,192.489013671875
0.0,176.32485961914062
0.0,159.66162109375
0.0,143.81463623046875
0.0,128.4688262939453
469.27899169921875,113.43090057373047
452.226806640625,409.4464416503906
431.7641906738281,393.59100341796875
418.1225280761719,379.3628234863281
407.89105224609375,367.25665283203125
397.6597595214844,356.4537048339844
387.4284362792969,346.4511413574219
380.6074523925781,338.0627746582031
366.9657897949219,328.4203796386719
353.323974609375,318.0077819824219
336.2718200683594,305.9994812011719
319.2195129394531,293.0111999511719
302.1673889160156,279.42108154296875
285.1150817871094,265.46136474609375
251.0106658935547,237.6380157470703
230.5480194091797,221.8375244140625
210.08538818359375,205.39764404296875
189.6227569580078,188.5650634765625
0.0,171.49134826660156
0.0,155.3922119140625
0.0,141.01438903808594
0.0,125.4481430053711
0.0,110.27484893798828
0.0,95.3428726196289
0.0,81.6817855834961
0.0,69.92393493652344
0.0,47.21822738647461
0.0,35.286102294921875
0.0,23.467363357543945
0.0,12.840950012207031
0.0,4.069470405578613
0.0,0.0
0.0,0.0
309.53497314453125,276.19854736328125
302.7139892578125,269.27587890625
295.8931579589844,262.779052734375
289.07232666015625,256.5437316894531
289.07232666015625,252.71441650390625
289.07232666015625,250.3627166748047
285.66180419921875,247.7957305908203
285.66180419921875,246.21926879882812
278.84100341796875,243.0056915283203
272.02001953125,238.78665161132812
268.6095275878906,235.0728759765625
265.1991882324219,231.66944885253906
254.96786499023438,226.2111358642578
244.73655700683594,219.4908447265625
237.91558837890625,213.1182403564453
231.09475708007812,206.95919799804688
227.68426513671875,202.05401611328125
224.27392578125,197.91888427734375
220.86343383789062,194.25665283203125
214.04246520996094,189.7620849609375
200.40081787109375,182.51097106933594
196.9903106689453,176.93511962890625
0.0,169.0198974609375
0.0,161.9134979248047
0.0,156.426513671875
0.0,150.8113555908203
0.0,146.24017333984375
0.0,142.3101348876953
0.0,136.52841186523438
0.0,130.7322540283203
489.8236083984375,123.80448913574219
483.0027770996094,422.41534423828125
472.77130126953125,415.0552978515625
469.3609619140625,409.41259765625
459.129638671875,402.5790710449219
455.71917724609375,397.2596435546875
452.30865478515625,392.8700866699219
445.4878234863281,387.92889404296875
435.25653076171875,381.52618408203125
428.4356994628906,375.3486633300781
418.2042541503906,368.1866760253906
411.3834228515625,361.5428161621094
404.56256103515625,355.2171936035156
390.9207763671875,343.0767822265625
380.6894836425781,336.017578125
373.86865234375,329.4368896484375
363.6371765136719,322.0272521972656
356.81634521484375,315.2313537597656
349.99554443359375,308.8123779296875
343.174560546875,302.6247863769531
339.76422119140625,297.7021179199219
336.3537292480469,293.55621337890625
329.53289794921875,288.7646789550781
322.7119445800781,283.5765686035156
315.89111328125,278.14495849609375
305.6597900390625,271.4410705566406
298.83880615234375,265.0785217285156
288.6075134277344,257.8029479980469
278.3761901855469,249.96661376953125
268.1448974609375,241.78591918945312
257.91357421875,233.39373779296875
251.09275817871094,225.9944305419922
240.8614501953125,218.0821075439453
234.0404815673828,210.97744750976562
593.9955444335938,515.4942016601562
587.174560546875,509.87969970703125
580.3536987304688,504.18621826171875
570.1224365234375,497.3215026855469
559.89111328125,489.7375183105469
553.0701293945312,482.8345031738281
546.249267578125,476.3497009277344
539.428466796875,470.12176513671875
529.197021484375,462.9288024902344
512.1448974609375,452.89776611328125
491.6822814941406,440.0010681152344
467.8091735839844,424.2217712402344
450.75701904296875,408.9176025390625
437.115234375,395.0279541015625
416.6526184082031,379.7615661621094
396.1900329589844,363.6496887207031
372.3169250488281,345.89581298828125
355.2646484375,329.3789978027344
341.62298583984375,314.74462890625
331.3916931152344,302.3890686035156
314.33941650390625,289.1875
304.10809326171875,277.71185302734375
290.46630859375,266.17340087890625
273.4141845703125,253.47369384765625
259.77239990234375,241.1835174560547
246.1306915283203,229.14486694335938
232.48890686035156,217.26065063476562
222.25759887695312,206.5940399169922
208.61581420898438,195.55242919921875
198.38450622558594,185.40328979492188
191.56369018554688,176.92495727539062
